2020-03-03,8.800000,8.920000,8.480000,8.480000,7.793812,6078
2020-03-04,8.760000,8.800000,8.560000,8.560000,7.867339,590
2020-03-05,8.780000,8.780000,8.420000,8.600000,7.904101,4791
2020-03-06,8.600000,8.600000,8.600000,8.600000,7.904101,13
2020-03-09,8.300000,8.300000,7.640000,7.640000,7.021783,1656
2020-03-10,7.820000,8.100000,7.740000,7.760000,7.132074,3612
2020-03-11,7.860000,7.860000,7.080000,7.320000,6.727677,6299
2020-03-12,7.120000,7.380000,6.160000,6.740000,6.194610,5102
2020-03-13,7.360000,7.800000,7.140000,7.480000,6.874731,5865
2020-03-16,6.800000,7.440000,6.300000,7.440000,6.837967,4730
2020-03-17,7.380000,7.520000,6.660000,7.480000,6.874731,4725
2020-03-18,7.020000,7.320000,7.000000,7.180000,6.599006,5113
2020-03-19,7.020000,7.020000,6.500000,6.780000,6.231373,20118
2020-03-20,6.760000,6.860000,6.620000,6.800000,6.249755,3050
2020-03-23,6.700000,6.800000,6.580000,6.740000,6.194610,4443
2020-03-24,6.800000,7.320000,6.500000,6.620000,6.084321,5691
2020-03-25,6.600000,6.720000,6.460000,6.600000,6.065939,20917
2020-03-26,6.400000,6.500000,6.200000,6.500000,5.974030,7289
2020-03-27,6.880000,6.880000,6.500000,6.500000,5.974030,1532
2020-03-30,6.800000,6.800000,6.360000,6.480000,5.955649,429
2020-03-31,6.480000,6.480000,6.260000,6.260000,5.753451,1383
2020-04-01,6.500000,6.500000,6.500000,6.500000,5.974030,40
2020-04-02,6.300000,6.480000,6.220000,6.300000,5.790215,1503
2020-04-03,6.300000,6.300000,6.200000,6.200000,5.698306,5656
2020-04-06,6.200000,6.200000,6.160000,6.160000,5.661542,5484
2020-04-07,6.200000,6.380000,6.160000,6.360000,5.845359,15911
2020-04-08,6.460000,6.460000,6.100000,6.120000,5.624779,21495
2020-04-09,6.120000,6.340000,6.100000,6.300000,5.790215,2796
2020-04-10,6.300000,6.300000,6.300000,6.300000,5.790215,0
2020-04-13,6.300000,6.300000,6.300000,6.300000,5.790215,0
2020-04-14,6.940000,7.220000,6.640000,6.780000,6.231373,13693
2020-04-15,6.800000,6.880000,6.600000,6.720000,6.176228,6628
2020-04-16,6.660000,6.700000,6.600000,6.700000,6.157846,2189
2020-04-17,6.520000,6.700000,6.500000,6.560000,6.029176,9975
2020-04-20,6.720000,6.740000,6.700000,6.700000,6.157846,332
2020-04-21,6.540000,6.540000,6.360000,6.400000,5.882122,3570
2020-04-22,6.480000,6.700000,6.280000,6.700000,6.157846,37234
2020-04-23,6.720000,6.840000,6.580000,6.840000,6.286519,24417
2020-04-24,6.940000,7.240000,6.700000,7.020000,6.451953,251472
2020-04-27,7.060000,7.380000,7.020000,7.200000,6.617388,6582
2020-04-28,7.020000,7.300000,7.020000,7.300000,6.709296,2741
2020-04-29,7.120000,7.320000,7.120000,7.320000,6.727677,1110
2020-04-30,7.480000,7.480000,6.900000,7.040000,6.470335,14832
2020-05-01,7.040000,7.040000,7.040000,7.040000,6.470335,0
2020-05-04,7.040000,7.040000,6.800000,6.860000,6.304900,6024
2020-05-05,6.820000,6.940000,6.820000,6.900000,6.341663,5967
2020-05-06,6.820000,6.940000,6.800000,6.900000,6.341663,19217
2020-05-07,6.860000,6.980000,6.840000,6.980000,6.415190,8098
2020-05-08,7.180000,7.180000,7.000000,7.040000,6.470335,397
2020-05-11,7.100000,7.140000,6.940000,7.040000,6.470335,1759
2020-05-12,6.920000,7.100000,6.860000,6.860000,6.304900,10282
2020-05-13,6.920000,6.920000,6.840000,6.840000,6.286519,3115
2020-05-14,6.840000,6.840000,6.700000,6.780000,6.231373,8263
2020-05-15,6.780000,6.780000,6.780000,6.780000,6.231373,500
2020-05-18,6.780000,6.840000,6.780000,6.840000,6.286519,810
2020-05-19,6.840000,6.840000,6.760000,6.760000,6.212992,2153
2020-05-20,6.760000,6.780000,6.760000,6.780000,6.231373,660
2020-05-21,6.880000,6.960000,6.880000,6.940000,6.378427,570
2020-05-22,7.100000,7.800000,7.080000,7.220000,6.635769,22947
2020-05-25,7.500000,7.500000,6.940000,7.080000,6.507098,7121
2020-05-26,7.100000,7.280000,6.960000,7.220000,6.635769,3580
2020-05-27,6.920000,7.200000,6.920000,7.200000,6.617388,290
2020-05-28,7.260000,7.260000,7.220000,7.220000,6.635769,355
2020-05-29,7.160000,7.280000,7.040000,7.120000,6.543861,161
2020-06-01,7.100000,7.200000,7.100000,7.200000,6.617388,1903
2020-06-02,7.140000,7.140000,7.040000,7.100000,6.525479,2980
2020-06-03,6.900000,7.460000,6.900000,7.200000,6.617388,47805
2020-06-04,7.160000,7.800000,7.140000,7.500000,6.893113,39730
2020-06-05,7.660000,7.860000,7.600000,7.800000,7.168837,14890
2020-06-08,8.000000,8.260000,8.000000,8.160000,7.499706,9334
2020-06-09,8.600000,9.460000,8.200000,9.160000,8.418788,65301
2020-06-10,9.100000,9.100000,8.700000,9.100000,8.363644,6833
2020-06-11,9.100000,9.100000,9.100000,9.100000,8.363644,0
2020-06-12,8.420000,8.800000,8.160000,8.800000,8.087919,9064
2020-06-15,8.800000,8.800000,8.360000,8.660000,7.959247,3786
2020-06-16,8.660000,8.680000,8.440000,8.500000,7.812193,1523
2020-06-17,8.760000,8.760000,8.440000,8.440000,7.757049,4139
2020-06-18,8.740000,8.740000,8.400000,8.560000,7.867339,4451
2020-06-19,8.320000,8.540000,8.320000,8.540000,7.848957,395
2020-06-22,8.360000,8.580000,8.340000,8.540000,7.848957,4239
2020-06-23,8.480000,8.600000,8.480000,8.600000,7.904101,3479
2020-06-24,8.600000,8.920000,8.600000,8.620000,7.922483,7350
2020-06-25,8.820000,8.840000,8.620000,8.700000,7.996010,1201
2020-06-26,8.820000,9.000000,8.700000,8.700000,7.996010,10666
2020-06-29,8.700000,8.700000,8.240000,8.500000,7.812193,2610
2020-06-30,8.480000,8.880000,8.480000,8.600000,7.904101,4664
2020-07-01,8.880000,8.880000,8.320000,8.660000,7.959247,2107
2020-07-02,8.600000,8.780000,8.420000,8.780000,8.069537,3246
2020-07-03,8.780000,8.820000,8.760000,8.820000,8.106300,1542
2020-07-06,9.220000,9.680000,9.160000,9.180000,8.437170,15002
2020-07-07,9.300000,9.460000,9.200000,9.380000,8.620986,47722
2020-07-08,9.600000,9.600000,8.740000,9.100000,8.363644,9656
2020-07-09,9.100000,9.100000,8.820000,8.960000,8.234972,6340
2020-07-10,8.820000,8.880000,8.800000,8.800000,8.087919,1358
2020-07-13,8.480000,8.680000,8.460000,8.560000,7.867339,10627
2020-07-14,8.540000,8.880000,8.500000,8.500000,7.812193,2406
2020-07-15,8.500000,8.700000,8.500000,8.700000,7.996010,13896
2020-07-16,8.780000,9.220000,8.700000,9.000000,8.271735,14910
2020-07-17,9.060000,9.060000,8.780000,9.000000,8.271735,2493
2020-07-20,9.200000,9.500000,9.000000,9.300000,8.547460,12711
2020-07-21,9.460000,9.460000,9.200000,9.240000,8.492313,562
2020-07-22,9.240000,9.460000,9.120000,9.120000,8.382025,992
2020-07-23,9.000000,9.580000,9.000000,9.240000,8.492313,1725
2020-07-24,9.120000,9.400000,9.000000,9.200000,8.455550,2871
2020-07-27,9.200000,9.500000,8.800000,9.200000,8.455550,13430
2020-07-28,9.000000,9.900000,8.800000,9.840000,9.043763,15120
2020-07-29,9.780000,9.780000,9.780000,9.780000,8.988619,1326
2020-07-30,9.780000,9.780000,8.860000,8.860000,8.143064,5533
2020-07-31,8.860000,9.360000,8.860000,9.240000,8.492313,760
2020-08-03,9.380000,9.460000,9.240000,9.380000,8.620986,1590
2020-08-04,9.120000,9.300000,8.960000,9.020000,8.290116,2995
2020-08-05,9.300000,9.300000,9.300000,9.300000,8.547460,1
2020-08-06,9.020000,9.300000,9.000000,9.300000,8.547460,1724
2020-08-07,9.100000,9.100000,8.940000,8.940000,8.216589,1075
2020-08-10,8.900000,9.080000,8.880000,9.080000,8.345262,568
2020-08-11,9.080000,9.160000,8.880000,9.160000,8.418788,7153
2020-08-12,9.080000,9.180000,8.960000,9.180000,8.437170,229
2020-08-13,9.180000,9.280000,9.100000,9.100000,8.363644,2425
2020-08-14,9.680000,9.760000,9.580000,9.700000,8.915092,14143
2020-08-17,9.700000,9.760000,9.600000,9.760000,8.970237,10600
2020-08-18,9.760000,9.780000,9.700000,9.780000,8.988619,1192
2020-08-19,9.780000,9.800000,9.620000,9.700000,8.915092,2220
2020-08-20,9.700000,9.800000,9.700000,9.800000,9.007000,1615
2020-08-21,9.700000,9.720000,9.600000,9.700000,8.915092,2575
2020-08-24,9.700000,9.700000,9.700000,9.700000,8.915092,490
2020-08-25,9.600000,9.860000,9.600000,9.860000,9.062145,1398
2020-08-26,9.880000,10.200000,9.880000,10.200000,9.374633,7912
2020-08-27,10.150000,10.400000,9.900000,10.200000,9.374633,15352
2020-08-28,10.300000,10.850000,10.250000,10.800000,9.926082,7261
2020-08-31,10.800000,10.800000,10.400000,10.650000,9.788218,5276
2020-09-01,10.650000,10.650000,10.200000,10.600000,9.742265,2841
2020-09-02,10.600000,10.600000,10.250000,10.250000,9.420587,1625
2020-09-03,10.400000,10.800000,10.250000,10.250000,9.420587,3931
2020-09-04,10.200000,10.200000,10.050000,10.100000,9.282724,4356
2020-09-07,10.150000,10.400000,10.100000,10.400000,9.558448,2173
2020-09-08,10.400000,10.600000,9.800000,9.800000,9.007000,3189
2020-09-09,10.000000,10.150000,10.000000,10.000000,9.190816,23405
2020-09-10,10.150000,10.150000,10.100000,10.100000,9.282724,7432
2020-09-11,10.100000,10.250000,10.100000,10.150000,9.328678,11505
2020-09-14,10.400000,10.450000,10.400000,10.450000,9.604403,1499
2020-09-15,10.450000,10.600000,10.450000,10.550000,9.696312,4153
2020-09-16,10.600000,10.650000,10.100000,10.100000,9.282724,3963
2020-09-17,10.500000,10.600000,10.500000,10.600000,9.742265,1542
2020-09-18,10.550000,10.550000,10.300000,10.300000,9.466540,3899
2020-09-21,10.400000,10.400000,10.150000,10.400000,9.558448,2472
2020-09-22,10.400000,10.400000,10.400000,10.400000,9.558448,1735
2020-09-23,10.400000,10.400000,10.400000,10.400000,9.558448,2344
2020-09-24,10.400000,10.400000,10.200000,10.250000,9.420587,1657
2020-09-25,10.250000,10.250000,10.100000,10.100000,9.282724,2839
2020-09-28,10.400000,10.400000,10.050000,10.050000,9.236770,4794
2020-09-29,10.050000,10.300000,10.050000,10.300000,9.466540,3352
2020-09-30,10.300000,10.400000,10.300000,10.300000,9.466540,1896
2020-10-01,10.200000,10.200000,10.200000,10.200000,9.374633,2151
2020-10-02,10.250000,10.300000,10.150000,10.300000,9.466540,2791
2020-10-05,10.300000,10.350000,10.200000,10.200000,9.374633,2366
2020-10-06,10.250000,10.300000,10.200000,10.200000,9.374633,943
2020-10-07,10.200000,10.300000,10.200000,10.200000,9.374633,3164
2020-10-08,10.300000,10.300000,10.200000,10.300000,9.466540,2672
2020-10-09,10.300000,10.350000,10.200000,10.300000,9.466540,4446
2020-10-12,10.200000,10.300000,10.100000,10.100000,9.282724,1367
2020-10-13,10.300000,10.300000,10.100000,10.100000,9.282724,9906
2020-10-14,10.300000,10.300000,10.000000,10.000000,9.190816,2545
2020-10-15,10.200000,10.200000,9.440000,9.660000,8.878327,5050
2020-10-16,9.940000,9.940000,9.400000,9.400000,8.639367,3462
2020-10-19,9.400000,9.840000,9.100000,9.580000,8.804801,7133
2020-10-20,9.560000,9.560000,9.500000,9.560000,8.786421,1519
2020-10-21,9.660000,9.660000,9.400000,9.580000,8.804801,1334
2020-10-22,9.580000,9.580000,9.400000,9.580000,9.040729,2296
2020-10-23,9.300000,9.560000,9.300000,9.400000,8.870861,1549
2020-10-26,9.560000,9.560000,9.140000,9.280000,8.757616,2500
2020-10-27,9.280000,9.280000,9.280000,9.280000,8.757616,218
2020-10-28,9.120000,9.280000,9.040000,9.260000,8.738743,7537
2020-10-29,9.040000,9.280000,8.800000,9.180000,8.663246,18405
2020-10-30,9.180000,9.480000,9.160000,9.480000,8.946358,3200
2020-11-02,9.400000,9.580000,9.000000,9.380000,8.851988,2243
2020-11-03,9.140000,9.460000,8.880000,9.440000,8.908609,3572
2020-11-04,9.400000,9.500000,9.400000,9.500000,8.965232,2397
2020-11-05,9.480000,9.720000,9.300000,9.300000,8.776491,2898
2020-11-06,9.340000,9.340000,9.320000,9.340000,8.814240,519
2020-11-09,9.500000,9.780000,9.300000,9.780000,9.229471,3471
2020-11-10,9.800000,10.150000,9.600000,9.800000,9.248345,2197
2020-11-11,9.800000,9.800000,9.800000,9.800000,9.248345,0
2020-11-12,10.050000,10.050000,9.720000,9.900000,9.342716,2087
2020-11-13,9.900000,9.900000,9.760000,9.760000,9.210597,3476
2020-11-16,9.760000,10.100000,9.740000,10.100000,9.531458,3939
2020-11-17,10.250000,10.300000,10.000000,10.250000,9.673014,775
2020-11-18,10.400000,10.450000,10.350000,10.450000,9.861756,7527
2020-11-19,10.500000,10.600000,10.250000,10.450000,9.861756,4697
2020-11-20,10.500000,10.500000,10.200000,10.450000,9.861756,630
2020-11-23,10.500000,10.500000,10.500000,10.500000,9.908941,216
2020-11-24,10.150000,10.300000,10.150000,10.300000,9.720200,630
2020-11-25,10.300000,10.300000,10.150000,10.150000,9.578643,300
2020-11-26,10.300000,10.300000,10.200000,10.200000,9.625829,550
2020-11-27,10.100000,10.100000,10.000000,10.000000,9.437087,260
2020-11-30,10.100000,10.100000,9.900000,10.100000,9.531458,586
2020-12-01,9.860000,10.250000,9.860000,10.250000,9.673014,3159
2020-12-02,10.250000,10.500000,10.250000,10.500000,9.908941,11160
2020-12-03,10.450000,10.450000,10.450000,10.450000,9.861756,500
2020-12-04,10.500000,10.500000,10.200000,10.500000,9.908941,2000
2020-12-07,10.450000,10.450000,10.200000,10.450000,9.861756,700
2020-12-08,10.500000,10.500000,10.150000,10.150000,9.578643,576
2020-12-09,10.150000,11.100000,10.150000,10.800000,10.192054,49010
2020-12-10,10.350000,10.500000,10.300000,10.500000,10.143750,1409
2020-12-11,10.450000,10.600000,9.660000,10.350000,9.998839,6551
2020-12-14,10.000000,10.300000,10.000000,10.050000,9.709018,1676
2020-12-15,10.300000,10.300000,10.000000,10.150000,9.805625,2196
2020-12-16,10.000000,10.100000,10.000000,10.100000,9.757321,932
2020-12-17,10.100000,10.400000,10.050000,10.250000,9.902232,1872
2020-12-18,10.050000,10.250000,10.000000,10.250000,9.902232,1180
2020-12-21,10.500000,10.700000,10.250000,10.250000,9.902232,27590
2020-12-22,10.450000,11.250000,10.450000,11.000000,10.626785,35843
2020-12-23,11.100000,11.250000,10.900000,10.900000,10.530178,4230
2020-12-24,10.900000,10.900000,10.900000,10.900000,10.530178,0
2020-12-25,10.900000,10.900000,10.900000,10.900000,10.530178,0
2020-12-28,11.000000,11.000000,10.450000,10.800000,10.433572,25834
2020-12-29,10.700000,11.150000,10.700000,10.900000,10.530178,9294
2020-12-30,10.950000,11.500000,10.950000,11.250000,10.868303,12587
2020-12-31,11.250000,11.250000,11.250000,11.250000,10.868303,0
2021-01-01,11.250000,11.250000,11.250000,11.250000,10.868303,0
2021-01-04,11.450000,11.900000,11.450000,11.850000,11.447947,4278
2021-01-05,11.850000,12.400000,11.800000,12.000000,11.592857,10372
2021-01-06,12.000000,12.000000,12.000000,12.000000,11.592857,0
2021-01-07,12.350000,13.500000,12.350000,13.050000,12.607232,12903
2021-01-08,13.300000,13.500000,12.600000,13.350000,12.897054,91669
2021-01-11,13.100000,13.950000,13.100000,13.950000,13.476696,16345
2021-01-12,14.500000,15.350000,14.400000,15.000000,14.491072,111066
2021-01-13,15.500000,15.800000,15.300000,15.600000,15.070715,28824
2021-01-14,15.600000,15.600000,15.100000,15.550000,15.022411,7857
2021-01-15,15.400000,18.200001,15.400000,16.850000,16.278303,115789
2021-01-18,17.200001,18.500000,17.200001,18.299999,17.679106,15760
2021-01-19,18.299999,18.450001,17.549999,17.900000,17.292679,10962
2021-01-20,17.900000,17.950001,17.549999,17.750000,17.147768,2997
2021-01-21,17.799999,17.900000,16.500000,16.950001,16.374912,7288
2021-01-22,16.950001,16.950001,16.500000,16.600000,16.036785,4354
2021-01-25,16.500000,16.500000,16.299999,16.299999,15.746964,2383
2021-01-26,16.299999,16.400000,16.299999,16.299999,15.746964,2704
2021-01-27,16.400000,16.450001,15.750000,16.000000,15.457143,3236
2021-01-28,16.000000,16.000000,14.400000,15.600000,15.070715,14002
2021-01-29,15.500000,15.500000,14.600000,15.000000,14.491072,3889
2021-02-01,15.000000,15.900000,15.000000,15.700000,15.167321,5026
2021-02-02,15.700000,16.000000,15.700000,15.900000,15.360536,985
2021-02-03,15.500000,15.650000,15.100000,15.650000,15.119018,18336
2021-02-04,15.300000,15.500000,15.050000,15.050000,14.539375,6115
2021-02-05,15.000000,15.350000,14.500000,14.500000,14.008036,5887
2021-02-08,14.800000,14.800000,14.100000,14.200000,13.718214,3432
2021-02-09,14.300000,14.750000,14.200000,14.650000,14.152946,1658
2021-02-10,15.100000,15.200000,14.900000,15.000000,14.491072,2687
2021-02-11,15.200000,15.650000,15.150000,15.600000,15.070715,3880
2021-02-12,15.750000,16.500000,15.750000,16.400000,15.843571,12163
2021-02-15,16.450001,17.200001,16.400000,17.200001,16.616428,9081
2021-02-16,17.500000,17.600000,15.800000,16.700001,16.133394,7631
2021-02-17,17.000000,17.299999,16.900000,16.900000,16.326607,3625
2021-02-18,17.200001,17.400000,17.000000,17.350000,16.761339,4483
2021-02-19,17.350000,17.350000,16.000000,17.000000,16.423214,2374
2021-02-22,17.000000,17.200001,17.000000,17.000000,16.423214,965
2021-02-23,17.000000,17.450001,16.500000,17.000000,16.423214,6662
2021-02-24,17.250000,17.250000,17.000000,17.100000,16.519821,1012
2021-02-25,17.200001,17.600000,17.200001,17.600000,17.002857,3267
2021-02-26,17.000000,17.799999,16.600000,17.200001,16.616428,3799
2021-03-01,17.200001,17.200001,16.500000,16.799999,16.230000,957
2021-03-02,17.000000,17.200001,16.650000,17.200001,16.616428,3512
2021-03-03,17.200001,17.600000,17.150000,17.500000,16.906250,5416
2021-03-04,17.200001,17.400000,17.200001,17.400000,16.809643,713
2021-03-05,17.400000,17.400000,16.700001,16.900000,16.326607,2480
2021-03-08,16.900000,17.299999,16.600000,17.299999,16.713036,104154
2021-03-09,17.500000,17.700001,17.400000,17.700001,17.099464,15321
2021-03-10,17.700001,18.150000,17.700001,17.900000,17.292679,7004
2021-03-11,17.900000,18.500000,17.900000,18.400000,17.775713,18328
2021-03-12,18.400000,18.600000,18.150000,18.600000,17.968929,11172
2021-03-15,18.799999,19.450001,18.799999,19.200001,18.548573,16674
2021-03-16,19.200001,19.500000,19.100000,19.450001,18.790091,15679
2021-03-17,19.549999,19.750000,19.200001,19.750000,19.079910,26101
2021-03-18,19.750000,20.000000,19.299999,20.000000,19.321428,26498
2021-03-19,19.750000,20.000000,19.750000,20.000000,19.321428,5469
2021-03-22,20.000000,20.700001,20.000000,20.400000,19.707857,7798
2021-03-23,20.400000,20.400000,19.850000,20.000000,19.321428,18632
2021-03-24,20.200001,20.200001,19.600000,19.600000,18.934999,955
2021-03-25,19.400000,19.500000,18.500000,18.600000,17.968929,5991
2021-03-26,18.299999,19.799999,18.049999,19.500000,18.838392,8104
2021-03-29,19.799999,19.799999,18.600000,19.450001,18.790091,3599
2021-03-30,19.450001,19.799999,19.000000,19.500000,18.838392,1501
2021-03-31,19.450001,19.450001,18.700001,18.900000,18.258749,2033
2021-04-01,18.850000,18.850000,18.700001,18.750000,18.113840,51953
2021-04-02,18.750000,18.750000,18.750000,18.750000,18.113840,0
2021-04-05,18.750000,18.750000,18.750000,18.750000,18.113840,0
2021-04-06,18.650000,19.299999,18.650000,19.150000,18.500267,3054
2021-04-07,19.150000,19.150000,19.000000,19.150000,18.500267,693
2021-04-08,19.200001,19.500000,19.000000,19.200001,18.548573,6857
2021-04-09,18.799999,19.350000,18.799999,19.299999,18.645178,1039
2021-04-12,19.299999,19.600000,18.950001,19.000000,18.355356,1259
2021-04-13,19.000000,19.000000,19.000000,19.000000,18.355356,98
2021-04-14,19.000000,19.350000,19.000000,19.000000,18.355356,2632
2021-04-15,18.900000,18.900000,18.100000,18.400000,17.775713,7501
2021-04-16,18.299999,19.000000,18.299999,19.000000,18.355356,9254
2021-04-19,19.200001,19.500000,19.100000,19.500000,18.838392,1664
2021-04-20,19.100000,19.299999,18.500000,19.299999,18.645178,351
2021-04-21,18.600000,19.200001,18.600000,19.200001,18.548573,1120
2021-04-22,18.650000,18.850000,18.450001,18.700001,18.065536,3908
2021-04-23,18.650000,18.900000,18.299999,18.900000,18.258749,3595
2021-04-26,18.450001,18.650000,18.350000,18.650000,18.017231,891
2021-04-27,18.700001,18.700001,18.500000,18.650000,18.017231,459
2021-04-28,18.650000,18.799999,18.650000,18.799999,18.162142,278
2021-04-29,18.799999,18.799999,18.400000,18.799999,18.162142,1138
2021-04-30,18.549999,18.750000,18.549999,18.750000,18.113840,203
2021-05-03,18.750000,18.750000,18.750000,18.750000,18.113840,0
2021-05-04,18.750000,18.950001,18.750000,18.799999,18.162142,1386
2021-05-05,18.549999,19.299999,18.500000,19.000000,18.355356,4163
2021-05-06,19.000000,19.000000,18.600000,18.600000,17.968929,5673
2021-05-07,19.000000,19.000000,18.600000,18.750000,18.113840,1428
2021-05-10,18.750000,18.850000,18.500000,18.799999,18.162142,12458
2021-05-11,18.500000,18.500000,18.200001,18.500000,17.872322,639
2021-05-12,18.750000,19.200001,18.500000,18.700001,18.065536,6519
2021-05-13,18.549999,18.549999,18.000000,18.450001,17.824018,2198
2021-05-14,18.299999,18.900000,18.299999,18.600000,17.968929,13215
2021-05-17,18.600000,18.600000,18.100000,18.350000,17.727411,1816
2021-05-18,18.200001,18.500000,18.200001,18.500000,17.872322,587
2021-05-19,18.500000,18.500000,18.250000,18.500000,17.872322,388
2021-05-20,18.100000,18.400000,17.049999,18.400000,17.775713,3048
2021-05-21,18.100000,18.250000,17.500000,18.100000,17.485893,1204
2021-05-24,18.000000,18.000000,17.900000,17.900000,17.292679,1071
2021-05-25,17.799999,18.200001,17.799999,18.150000,17.534197,1001
2021-05-26,17.600000,17.950001,17.600000,17.950001,17.340982,326
2021-05-27,17.950001,18.000000,17.950001,18.000000,17.389286,3502
2021-05-28,18.000000,18.100000,17.750000,18.000000,17.389286,1320
2021-05-31,18.000000,18.100000,17.400000,18.100000,17.485893,3770
2021-06-01,18.100000,19.299999,18.100000,19.299999,18.645178,15070
2021-06-02,19.799999,19.900000,19.400000,19.600000,18.934999,1246
2021-06-03,null,null,null,null,null,null
2021-06-04,19.850000,20.400000,19.850000,20.200001,19.514643,6514
2021-06-07,20.400000,20.400000,20.100000,20.100000,19.418036,1587
2021-06-08,19.650000,20.000000,19.650000,20.000000,19.321428,1161
2021-06-09,20.000000,20.799999,20.000000,20.500000,19.804464,6326
2021-06-10,20.799999,21.299999,20.799999,21.100000,20.384108,4657
2021-06-11,21.299999,21.299999,20.500000,20.900000,20.190893,1790
2021-06-14,21.299999,21.299999,20.500000,21.000000,20.287500,3121
2021-06-15,20.200001,21.299999,20.200001,21.299999,20.577320,3332
2021-06-16,21.200001,21.200001,20.799999,21.100000,20.384108,711
2021-06-17,20.799999,20.799999,20.500000,20.600000,19.901072,1902
2021-06-18,20.500000,20.500000,20.500000,20.500000,19.804464,140
2021-06-21,20.500000,20.500000,20.500000,20.500000,19.804464,24
2021-06-22,20.799999,20.799999,20.700001,20.700001,19.997679,114
2021-06-23,20.299999,20.299999,20.299999,20.299999,19.611250,111
2021-06-24,20.299999,20.400000,20.299999,20.400000,19.707857,280
2021-06-25,20.000000,20.100000,19.200001,19.200001,18.548573,3146
2021-06-28,19.200001,19.500000,19.200001,19.500000,18.838392,1185
2021-06-29,19.799999,19.900000,19.799999,19.799999,19.128214,77
2021-06-30,19.900000,19.900000,19.799999,19.900000,19.224821,612
2021-07-01,19.900000,19.900000,18.750000,19.750000,19.079910,1629
2021-07-02,19.500000,19.799999,19.500000,19.799999,19.128214,472
2021-07-05,18.750000,19.600000,18.500000,19.500000,18.838392,1947
2021-07-06,19.000000,19.250000,18.750000,19.250000,18.596874,1154
2021-07-07,18.799999,18.799999,18.500000,18.500000,17.872322,2572
2021-07-08,18.500000,18.500000,17.750000,17.900000,17.292679,1991
2021-07-09,17.900000,18.000000,17.850000,18.000000,17.389286,1314
2021-07-12,17.450001,18.700001,17.450001,18.500000,17.872322,4378
2021-07-13,18.350000,19.150000,18.350000,18.700001,18.065536,1479
2021-07-14,18.500000,18.500000,18.100000,18.100000,17.485893,341
2021-07-15,18.000000,18.000000,17.650000,18.000000,17.389286,450
2021-07-16,17.700001,18.000000,17.700001,18.000000,17.389286,220
2021-07-19,18.200001,18.500000,17.850000,18.000000,17.389286,348
2021-07-20,17.850000,17.850000,17.650000,17.850000,17.244375,403
2021-07-21,17.799999,18.500000,17.600000,18.500000,17.872322,588
2021-07-22,18.000000,18.500000,18.000000,18.049999,17.437588,394
2021-07-23,18.150000,18.700001,18.150000,18.700001,18.065536,468
2021-07-26,18.299999,18.299999,18.200001,18.250000,17.630804,152
2021-07-27,18.200001,19.000000,18.200001,18.950001,18.307055,2615
2021-07-28,18.950001,18.950001,18.950001,18.950001,18.307055,4
2021-07-29,18.750000,18.750000,18.200001,18.200001,17.582500,87
2021-07-30,18.299999,18.750000,18.299999,18.750000,18.113840,11
2021-08-02,18.299999,18.299999,18.299999,18.299999,17.679106,110
2021-08-03,18.000000,18.000000,18.000000,18.000000,17.389286,79
2021-08-04,18.000000,18.000000,18.000000,18.000000,17.389286,10
2021-08-05,18.000000,18.299999,17.400000,17.600000,17.002857,1669
2021-08-06,18.500000,18.500000,18.500000,18.500000,17.872322,1
2021-08-09,17.600000,18.150000,17.549999,18.150000,17.534197,130
2021-08-10,18.049999,18.100000,17.600000,17.600000,17.002857,754
2021-08-11,18.250000,18.650000,18.000000,18.549999,17.920624,750
2021-08-12,18.500000,18.500000,18.000000,18.350000,17.727411,39
2021-08-13,18.000000,18.500000,17.750000,18.500000,17.872322,647
2021-08-16,17.950001,18.500000,17.950001,18.500000,17.872322,83
2021-08-17,18.500000,18.500000,18.000000,18.150000,17.534197,1329
2021-08-18,18.100000,18.100000,17.900000,18.000000,17.389286,895
2021-08-19,17.900000,17.900000,17.700001,17.900000,17.292679,118
2021-08-20,18.000000,18.350000,17.299999,18.350000,17.727411,4613
2021-08-23,18.299999,18.299999,17.450001,17.450001,16.857946,2048
2021-08-24,17.450001,17.799999,17.400000,17.500000,16.906250,1750
2021-08-25,17.600000,18.000000,17.600000,17.750000,17.147768,2001
2021-08-26,18.000000,18.500000,18.000000,18.400000,17.775713,10758
2021-08-27,18.350000,18.350000,17.850000,18.299999,17.679106,5555
2021-08-30,18.400000,18.500000,18.100000,18.100000,17.485893,1216
2021-08-31,18.000000,18.000000,17.799999,17.799999,17.196070,6276
2021-09-01,18.250000,18.250000,17.850000,17.850000,17.244375,1725
2021-09-02,17.850000,18.250000,17.850000,17.850000,17.244375,1803
2021-09-03,18.000000,18.150000,17.650000,18.150000,17.534197,206
2021-09-06,18.150000,18.150000,17.700001,17.900000,17.292679,328
2021-09-07,17.650000,18.049999,17.600000,18.000000,17.389286,3947
2021-09-08,17.600000,17.750000,17.350000,17.500000,16.906250,2624
2021-09-09,17.400000,17.600000,17.299999,17.400000,16.809643,270
2021-09-10,17.250000,17.500000,16.049999,16.650000,16.085089,7297
2021-09-13,16.500000,17.400000,16.500000,17.000000,16.423214,4080
2021-09-14,17.400000,17.400000,16.700001,17.000000,16.423214,13424
2021-09-15,17.049999,17.500000,17.049999,17.049999,16.471518,4181
2021-09-16,17.450001,17.450001,17.000000,17.000000,16.423214,1493
2021-09-17,17.400000,17.450001,17.350000,17.450001,16.857946,1824
2021-09-20,17.500000,17.500000,16.250000,16.799999,16.230000,3719
2021-09-21,16.350000,16.400000,16.350000,16.350000,16.350000,370
2021-09-22,16.450001,16.750000,16.350000,16.750000,16.750000,1234
2021-09-23,16.150000,16.850000,16.100000,16.200001,16.200001,163
2021-09-24,16.299999,16.500000,16.100000,16.500000,16.500000,451
2021-09-27,16.400000,16.850000,16.400000,16.850000,16.850000,354
2021-09-28,16.850000,17.299999,16.600000,16.600000,16.600000,1417
2021-09-29,16.549999,17.299999,16.500000,16.549999,16.549999,7486
2021-09-30,17.100000,17.150000,16.900000,16.900000,16.900000,820
2021-10-01,16.900000,17.200001,16.850000,17.100000,17.100000,978
2021-10-04,17.100000,17.150000,16.900000,17.150000,17.150000,1626
2021-10-05,17.200001,17.350000,17.049999,17.100000,17.100000,1454
2021-10-06,17.299999,17.299999,16.549999,16.900000,16.900000,1346
2021-10-07,16.750000,16.750000,16.750000,16.750000,16.750000,170
2021-10-08,16.950001,16.950001,16.700001,16.750000,16.750000,866
2021-10-11,17.000000,17.200001,16.600000,17.200001,17.200001,233
2021-10-12,17.299999,17.299999,16.850000,17.200001,17.200001,1763
2021-10-13,17.299999,17.299999,17.000000,17.100000,17.100000,706
2021-10-14,16.950001,16.950001,16.950001,16.950001,16.950001,30
2021-10-15,17.000000,17.000000,16.900000,16.900000,16.900000,557
2021-10-18,17.150000,17.299999,16.549999,16.549999,16.549999,6701
2021-10-19,16.600000,16.799999,16.150000,16.450001,16.450001,6394
2021-10-20,16.799999,16.799999,16.400000,16.700001,16.700001,890
2021-10-21,16.799999,16.799999,16.400000,16.799999,16.799999,1666
2021-10-22,16.350000,16.700001,16.350000,16.700001,16.700001,812